<manifest><control namespace="bythedevs" constructor="SLTtoDropdown" version="0.0.1" display-name-key="SLTtoDropdown" description-key="SLTtoDropdown description" control-type="standard" api-version="1.3.5"><external-service-usage enabled="false" /><property name="dropdowninput" display-name-key="InputValueForDropdown" description-key="Semi-colon seperated Dropdown options" of-type="SingleLine.Text" usage="input" required="true" /><property name="selectedvalue" display-name-key="SelectedValuefromDropdown" description-key="selected value from the dropdown" of-type-group="ValueType" usage="bound" required="true" /><type-group name="ValueType"><type>SingleLine.Text</type><type>Whole.None</type></type-group><resources><code path="bundle.js" order="1" /></resources><built-by name="pac" version="1.22.2" /></control></manifest>